index,component_1,component_2
0,-5.609747041,0.230545659
1,3.553352357,-1.044428268
2,-3.733381263,0.74728637
3,7.593865271,-1.451069697
4,-3.492930088,-1.200996826
5,2.49494388,-0.328657026
6,-4.551338565,-0.485225584
7,3.745235449,3.532545373
